{
  "assetsByChunkName": {
    "vendors~app-account~app-confirmation~app-order": "chunk.dcd95517d1d051d47e01.js",
    "vendors~app-account~app-checkout": "chunk.43bba935ffd839042979.js",
    "vendors~app-cart~app-checkout": "chunk.c70b430254f6600d61cd.js",
    "admin": [
      "admin.ba2d061bf630e4968bcc.js",
      "admin.ba2d061bf630e4968bcc.js.map"
    ],
    "app-account": "chunk.6fe59be051d3b0dceb3c.js",
    "app-checkout": "chunk.59ea7ec3c4be1466f0cd.js",
    "app-confirmation": "chunk.ac14988a44e69fa047e2.js",
    "checkout": [
      "checkout.21a72938e5bc350d6f05.js",
      "checkout.21a72938e5bc350d6f05.js.map"
    ],
    "storefront": [
      "storefront.a03e7c16936c3ead40c9.css",
      "storefront.206cefb2838a9bd01726.js",
      "storefront.a03e7c16936c3ead40c9.css.map",
      "storefront.206cefb2838a9bd01726.js.map"
    ],
    "vendors~app-cart": "chunk.a3818c5eb74f13b18c13.js",
    "vendors~app-order": "chunk.cecafc570a11ff2a73f1.js"
  }
}